{
  "ratings": {
    "墨西哥": 2000.0,
    "南非": 1900.0,
    "韩国": 2000.0,
    "捷克": 1900.0,
    "加拿大": 1900.0,
    "波黑": 1900.0,
    "卡塔尔": 1750.0,
    "瑞士": 2000.0,
    "巴西": 2126.2054409947323,
    "摩洛哥": 2000.0,
    "海地": 1750.0,
    "苏格兰": 1900.0,
    "美国": 2000.0,
    "巴拉圭": 1900.0,
    "澳大利亚": 1900.0,
    "土耳其": 2000.0,
    "德国": 2100.0,
    "库拉索": 1750.0,
    "科特迪瓦": 1900.0,
    "厄瓜多尔": 2000.0,
    "荷兰": 2100.0,
    "日本": 2000.0,
    "瑞典": 2000.0,
    "突尼斯": 1900.0,
    "比利时": 2100.0,
    "埃及": 2000.0,
    "伊朗": 2000.0,
    "新西兰": 1750.0,
    "西班牙": 2100.0,
    "佛得角": 1750.0,
    "沙特": 1900.0,
    "乌拉圭": 2000.0,
    "法国": 2100.0,
    "塞内加尔": 2000.0,
    "伊拉克": 1750.0,
    "挪威": 2000.0,
    "阿根廷": 2073.7945590052677,
    "阿尔及利亚": 1900.0,
    "奥地利": 2000.0,
    "约旦": 1750.0,
    "葡萄牙": 2100.0,
    "刚果(金)": 1900.0,
    "乌兹别克": 1900.0,
    "哥伦比亚": 2000.0,
    "英格兰": 2100.0,
    "克罗地亚": 2000.0,
    "加纳": 1900.0,
    "巴拿马": 1750.0
  }
}