{
  "ratings": {
    "墨西哥": 2294.8897261127067,
    "南非": 1812.3953660929476,
    "韩国": 1949.823355934483,
    "捷克": 1742.8915518598615,
    "加拿大": 1995.9980742559167,
    "波黑": 1783.7696811042454,
    "卡塔尔": 1786.8418345758241,
    "瑞士": 1983.3904100640136,
    "巴西": 2245.2268716988583,
    "摩洛哥": 2297.514117470697,
    "海地": 1508.4692749228363,
    "苏格兰": 1917.7546097733066,
    "美国": 2300.2964821905703,
    "巴拉圭": 1969.421669618099,
    "澳大利亚": 1966.103332735526,
    "土耳其": 1564.1785154558054,
    "德国": 2303.5920602563083,
    "库拉索": 1733.050953531752,
    "科特迪瓦": 2023.322574594952,
    "厄瓜多尔": 1690.0344116169867,
    "荷兰": 2180.142228013144,
    "日本": 2173.370018982116,
    "瑞典": 1982.6994953134754,
    "突尼斯": 1663.7882576912637,
    "比利时": 1977.1378689219835,
    "埃及": 2123.505741817887,
    "伊朗": 1906.1757182626448,
    "新西兰": 1843.1806709974849,
    "西班牙": 2011.003636209073,
    "佛得角": 1986.4693153131348,
    "沙特": 1857.9003188387446,
    "乌拉圭": 1939.4300690428206,
    "法国": 2264.2798706885756,
    "塞内加尔": 1824.6444510727706,
    "伊拉克": 1605.1481527535188,
    "挪威": 2155.927525485134,
    "阿根廷": 2144.57937219539,
    "阿尔及利亚": 1753.3113489303241,
    "奥地利": 2019.965942378535,
    "约旦": 1613.1784626300532,
    "葡萄牙": 1978.180173257892,
    "刚果(金)": 2021.8198267421078,
    "乌兹别克": 1697.5575863931142,
    "哥伦比亚": 2202.4424136068847,
    "英格兰": 2261.2323513568153,
    "克罗地亚": 1838.7676486431849,
    "加纳": 2041.7056378521033,
    "巴拿马": 1608.2943621478967,
    "沙特阿拉伯": 1855.1966605962266
  }
}