{
  "ratings": {
    "墨西哥": 2333.1265167191696,
    "南非": 1862.5902856452553,
    "韩国": 1882.2697673914354,
    "捷克": 1722.0134302441384,
    "加拿大": 1925.2564677549349,
    "波黑": 1850.907383926784,
    "卡塔尔": 1723.8061995330381,
    "瑞士": 2050.0299487852426,
    "巴西": 2289.0836937022946,
    "摩洛哥": 2333.319373595347,
    "海地": 1469.5175288269018,
    "苏格兰": 1888.4558135504003,
    "美国": 2281.924435464151,
    "巴拉圭": 1979.327389228343,
    "澳大利亚": 1963.704933703277,
    "土耳其": 1575.04324160423,
    "德国": 2287.7414035331203,
    "库拉索": 1714.1332329299846,
    "科特迪瓦": 2028.481840739643,
    "厄瓜多尔": 1719.64352279725,
    "荷兰": 2213.4266901874093,
    "日本": 2193.420811546852,
    "瑞典": 1981.0213403986056,
    "突尼斯": 1612.1311578671332,
    "比利时": 1972.3833606348146,
    "埃及": 2138.446268512383,
    "伊朗": 1907.7583202989645,
    "新西兰": 1831.4120505538372,
    "西班牙": 2043.9763162381562,
    "佛得角": 2012.6534843613047,
    "沙特": 1832.3944865730223,
    "乌拉圭": 1930.6537124418003,
    "法国": 2311.3983337051227,
    "塞内加尔": 1795.2245834316961,
    "伊拉克": 1573.8352557644366,
    "挪威": 2169.541827098746,
    "阿根廷": 2221.1148176863135,
    "阿尔及利亚": 1816.6034297352105,
    "奥地利": 1973.439914907465,
    "约旦": 1508.465427996069,
    "葡萄牙": 1994.665811025828,
    "刚果(金)": 1987.7434330504107,
    "乌兹别克": 1646.6746678264826,
    "哥伦比亚": 2270.916088097277,
    "英格兰": 2207.9410590324537,
    "克罗地亚": 1876.7606300236173,
    "加纳": 2133.7507467104706,
    "巴拿马": 1531.5475642334595,
    "沙特阿拉伯": 1830.322000385716
  }
}