{
  "ratings": {
    "墨西哥": 2109.202575076048,
    "南非": 1843.103387662095,
    "韩国": 1987.4264788532596,
    "捷克": 1860.267558408597,
    "加拿大": 1941.2966416851311,
    "波黑": 1865.2178657971933,
    "卡塔尔": 1758.5030288607873,
    "瑞士": 1984.9824636568883,
    "巴西": 2106.8129338256554,
    "摩洛哥": 2049.6922719069103,
    "海地": 1672.7609356752191,
    "苏格兰": 1977.2390643247809,
    "美国": 2047.7687518336768,
    "巴拉圭": 1852.2312481663232,
    "澳大利亚": 2016.634760178051,
    "土耳其": 1883.365239821949,
    "德国": 2123.403328147303,
    "库拉索": 1726.5966718526968,
    "科特迪瓦": 2016.634760178051,
    "厄瓜多尔": 1883.365239821949,
    "荷兰": 2057.353388247067,
    "日本": 2042.6466117529333,
    "瑞典": 2065.524445054663,
    "突尼斯": 1834.4755549453373,
    "比利时": 2057.353388247067,
    "埃及": 2042.6466117529333,
    "伊朗": 1919.989080256186,
    "新西兰": 1830.010919743814,
    "西班牙": 2000.0634870944639,
    "佛得角": 1849.9365129055357,
    "沙特": 1910.4885100768058,
    "乌拉圭": 1984.2351130002467,
    "法国": 2165.5244450546625,
    "塞内加尔": 1934.475554945337,
    "伊拉克": 1695.1995282069302,
    "挪威": 2054.80047179307,
    "阿根廷": 2093.5758903081164,
    "阿尔及利亚": 1849.9189039593184,
    "奥地利": 2036.7482299819148,
    "约旦": 1713.2517700180852,
    "葡萄牙": 2031.5686030264196,
    "刚果(金)": 1968.4313969735801,
    "乌兹别克": 1810.2135745962382,
    "哥伦比亚": 2089.7864254037613,
    "英格兰": 2165.5244450546625,
    "克罗地亚": 1934.475554945337,
    "加纳": 1954.8004717930698,
    "巴拿马": 1695.1995282069302,
    "沙特阿拉伯": 1905.2763769229475
  }
}