{
  "ratings": {
    "墨西哥": 2261.8927276388636,
    "南非": 1825.5129576900893,
    "韩国": 1950.7970282386716,
    "捷克": 1761.7972864323756,
    "加拿大": 1988.2708002340034,
    "波黑": 1794.4193985549925,
    "卡塔尔": 1781.5413114275389,
    "瑞士": 1985.7684897834652,
    "巴西": 2203.9685290617404,
    "摩洛哥": 2266.033073624225,
    "海地": 1543.628842026068,
    "苏格兰": 1923.681271885046,
    "美国": 2256.8313231681964,
    "巴拉圭": 1947.24852610134,
    "澳大利亚": 1975.4701617468136,
    "土耳其": 1620.4499889836509,
    "德国": 2256.3458311404934,
    "库拉索": 1732.1908390630497,
    "科特迪瓦": 2035.1199526578323,
    "厄瓜多尔": 1726.3433771386235,
    "荷兰": 2145.288496313923,
    "日本": 2127.4328232596176,
    "瑞典": 2011.9598106762003,
    "突尼斯": 1715.3188697502583,
    "比利时": 1999.9490306693592,
    "埃及": 2087.431998803995,
    "伊朗": 1888.6407216371204,
    "新西兰": 1873.9782488895248,
    "西班牙": 1960.6364474405782,
    "佛得角": 1953.0189092741466,
    "沙特": 1891.3794179677018,
    "乌拉圭": 1956.7397987307725,
    "法国": 2243.657591495944,
    "塞内加尔": 1856.3424085040556,
    "伊拉克": 1624.7572472650238,
    "挪威": 2125.242752734976,
    "阿根廷": 2066.098701863536,
    "阿尔及利亚": 1746.5895815393842,
    "奥地利": 2091.7179659660624,
    "约旦": 1658.2820340339374,
    "葡萄牙": 1981.8874161862916,
    "刚果(金)": 2018.1125838137082,
    "乌兹别克": 1717.0823451927859,
    "哥伦比亚": 2182.9176548072132,
    "英格兰": 2243.657591495944,
    "克罗地亚": 1856.3424085040556,
    "加纳": 2025.2427527349762,
    "巴拿马": 1624.7572472650238,
    "沙特阿拉伯": 1888.2254265868007
  }
}