{
  "ratings": {
    "墨西哥": 2242.6232930956753,
    "南非": 1831.6685463061563,
    "韩国": 1952.4831623628447,
    "捷克": 1773.224998235323,
    "加拿大": 1983.2686034904589,
    "波黑": 1801.538660840554,
    "卡塔尔": 1778.1463925394132,
    "瑞士": 1987.0463431295739,
    "巴西": 2201.644021807094,
    "摩洛哥": 2244.2301269030786,
    "海地": 1563.5927163169147,
    "苏格兰": 1927.8448515699922,
    "美国": 2230.9024847441847,
    "巴拉圭": 1929.6364161454817,
    "澳大利亚": 1981.3788853782887,
    "土耳其": 1658.0822137320458,
    "德国": 2226.428547729708,
    "库拉索": 1725.6794968898837,
    "科特迪瓦": 2044.8626425817906,
    "厄瓜多尔": 1753.0293127986172,
    "荷兰": 2121.4684071969627,
    "日本": 2096.972895503358,
    "瑞典": 2033.3634721407134,
    "突尼斯": 1748.1952251589657,
    "比利时": 2030.7197563294221,
    "埃及": 2069.2802436705774,
    "伊朗": 1862.6674716076047,
    "新西兰": 1887.3325283923953,
    "西班牙": 1918.673263274539,
    "佛得角": 1931.3267367254605,
    "沙特": 1915.840677789187,
    "乌拉圭": 1971.4588105977439,
    "法国": 2233.436781867728,
    "塞内加尔": 1866.5632181322715,
    "伊拉克": 1634.2413895215504,
    "挪威": 2115.7586104784496,
    "阿根廷": 2051.112768892453,
    "阿尔及利亚": 1761.5755145104672,
    "奥地利": 2083.8561966697657,
    "约旦": 1666.1438033302345,
    "葡萄牙": 1985.1334611497998,
    "刚果(金)": 2014.8665388502,
    "乌兹别克": 1728.6261338912207,
    "哥伦比亚": 2171.373866108778,
    "英格兰": 2233.436781867728,
    "克罗地亚": 1866.5632181322715,
    "加纳": 2015.7586104784496,
    "巴拿马": 1634.2413895215504,
    "沙特阿拉伯": 1912.700511613069
  }
}