{
  "ratings": {
    "墨西哥": 2359.5485149614337,
    "南非": 1910.6436983862611,
    "韩国": 1810.4349291051838,
    "捷克": 1719.3728575471198,
    "加拿大": 1897.1244517714235,
    "波黑": 1878.2434582056003,
    "卡塔尔": 1701.936923413017,
    "瑞士": 2072.695166609958,
    "巴西": 2326.4687653127253,
    "摩洛哥": 2358.6209112399915,
    "海地": 1439.6250759776185,
    "苏格兰": 1867.441792140611,
    "美国": 2111.6762754737474,
    "巴拉圭": 1980.011933409745,
    "澳大利亚": 1968.5707604851896,
    "土耳其": 1739.7410306313188,
    "德国": 2132.1130722246494,
    "库拉索": 1709.6511659627497,
    "科特迪瓦": 2050.6920416631497,
    "厄瓜多尔": 1857.5437201494487,
    "荷兰": 2232.6231851801967,
    "日本": 2164.700203431522,
    "瑞典": 2027.6228849164986,
    "突尼斯": 1575.053726471784,
    "比利时": 2008.0738438509236,
    "埃及": 2124.4884061837497,
    "伊朗": 1926.182522885106,
    "新西兰": 1791.2552270802205,
    "西班牙": 2112.2064008450643,
    "佛得角": 1973.0176194062283,
    "沙特": 1847.550280737989,
    "乌拉圭": 1869.4377148055685,
    "法国": 2396.8671810789324,
    "塞内加尔": 1803.3079566741096,
    "伊拉克": 1522.1715284692405,
    "挪威": 2127.6533337777178,
    "阿根廷": 2259.057301558871,
    "阿尔及利亚": 1840.1274649091972,
    "奥地利": 1951.9617844179265,
    "约旦": 1456.69690444306,
    "葡萄牙": 1993.573650018531,
    "刚果(金)": 1981.21507936134,
    "乌兹别克": 1617.0012715075586,
    "哥伦比亚": 2308.2099991125688,
    "英格兰": 2199.440829168346,
    "克罗地亚": 1884.8105803605886,
    "加纳": 2174.523243092305,
    "巴拿马": 1491.2253473787612,
    "沙特阿拉伯": 1847.7879842051493
  }
}