{
  "ratings": {
    "墨西哥": 2325.134276999899,
    "南非": 1837.2575069799814,
    "韩国": 1912.378416077236,
    "捷克": 1725.2297999428824,
    "加拿大": 1937.3804272768318,
    "波黑": 1839.1977769966225,
    "卡塔尔": 1733.579300232405,
    "瑞士": 2039.8424954941404,
    "巴西": 2269.9605574504712,
    "摩洛哥": 2325.984155064387,
    "海地": 1477.282756783887,
    "苏格兰": 1895.7374045669537,
    "美国": 2335.692478442219,
    "巴拉圭": 1982.7233823842041,
    "澳大利亚": 1959.28309989273,
    "土耳其": 1522.3010392808474,
    "德国": 2340.189628852448,
    "库拉索": 1725.895886297535,
    "科特迪瓦": 2017.5289610982295,
    "厄瓜多尔": 1666.3855237517857,
    "荷兰": 2205.6265201792685,
    "日本": 2207.409291582385,
    "瑞典": 1963.3962983869114,
    "突尼斯": 1623.567889851435,
    "比利时": 1972.6331555529252,
    "埃及": 2136.5930967934632,
    "伊朗": 1907.9538024119383,
    "新西兰": 1832.8199452416723,
    "西班牙": 2038.9542708739639,
    "佛得角": 2008.4637271334204,
    "沙特": 1836.5077581247358,
    "乌拉圭": 1931.7558457205007,
    "法国": 2280.770567908524,
    "塞内加尔": 1790.4243232524684,
    "伊拉克": 1589.2768504240787,
    "挪威": 2189.5282584149304,
    "阿根廷": 2217.448615868916,
    "阿尔及利亚": 1808.289818868648,
    "奥地利": 1980.714891641248,
    "约旦": 1524.5817997554902,
    "葡萄牙": 1993.77625821325,
    "刚果(金)": 1991.1687855066464,
    "乌兹别克": 1655.233141353214,
    "哥伦比亚": 2259.821814926888,
    "英格兰": 2213.816747232784,
    "克罗地亚": 1872.5708114393217,
    "加纳": 2119.932652106969,
    "巴拿马": 1543.6797892209265,
    "沙特阿拉伯": 1834.3183981473785
  }
}