{
  "ratings": {
    "墨西哥": 2302.2352459694257,
    "南非": 1809.073943721429,
    "韩国": 1949.92095540703,
    "捷克": 1738.769854902114,
    "加拿大": 1997.559251179109,
    "波黑": 1781.6770822937697,
    "卡塔尔": 1787.8975158253618,
    "瑞士": 1982.8661507017594,
    "巴西": 2246.2575614557236,
    "摩洛哥": 2305.4761200820476,
    "海地": 1500.6119487470216,
    "苏格兰": 1916.6192435809057,
    "美国": 2309.7864076501355,
    "巴拉圭": 1973.3379854263837,
    "澳大利亚": 1964.1962345526194,
    "土耳其": 1552.6793723708618,
    "德国": 2313.5385588755316,
    "库拉索": 1731.7460392944743,
    "科特迪瓦": 2021.4477429905269,
    "厄瓜多尔": 1683.2676588394659,
    "荷兰": 2187.163334997963,
    "日本": 2182.7493261761283,
    "瑞典": 1977.1854888410517,
    "突尼斯": 1652.901849984857,
    "比利时": 1975.1800902360364,
    "埃及": 2127.9704663965263,
    "伊朗": 1907.2762418288555,
    "新西兰": 1839.573201538582,
    "西班牙": 2019.45983259341,
    "佛得角": 1992.8780925905626,
    "沙特": 1851.6789597473132,
    "乌拉圭": 1936.8744227720208,
    "法国": 2268.8180357002584,
    "塞内加尔": 1814.9716431433817,
    "伊拉克": 1600.7858224102524,
    "挪威": 2165.424498746107,
    "阿根廷": 2165.82852662423,
    "阿尔及利亚": 1771.3954458161522,
    "奥地利": 2007.7073526327415,
    "约旦": 1586.1038010611783,
    "葡萄牙": 1984.7556879313834,
    "刚果(金)": 2010.4511456018743,
    "乌兹别克": 1685.3439024939964,
    "哥伦比亚": 2219.449263972744,
    "英格兰": 2245.296407494503,
    "克罗地亚": 1850.6213954540028,
    "加纳": 2065.304206991891,
    "巴拿马": 1588.7779900596036,
    "沙特阿拉伯": 1849.1086922966929
  }
}