{
  "ratings": {
    "墨西哥": 2208.787578619262,
    "南非": 1839.5777457084534,
    "韩国": 1957.50888716242,
    "捷克": 1794.125788509864,
    "加拿大": 1973.7312021020325,
    "波黑": 1815.4993464202753,
    "卡塔尔": 1772.0579375165526,
    "瑞士": 1988.7115139611394,
    "巴西": 2183.548881979892,
    "摩洛哥": 2201.4835357034335,
    "海地": 1597.367777402279,
    "苏格兰": 1937.7973841270232,
    "美国": 2184.838770722427,
    "巴拉圭": 1885.7016623326099,
    "澳大利亚": 1991.4177850016795,
    "土耳其": 1738.041781943285,
    "德国": 2168.5260867801185,
    "库拉索": 1702.6780308025127,
    "科特迪瓦": 2068.041066518671,
    "厄瓜多尔": 1810.7548158986979,
    "荷兰": 2066.6505112077816,
    "日本": 2066.272184388705,
    "瑞典": 2083.332546231305,
    "突尼斯": 1783.7447581722079,
    "比利时": 2035.2084838235216,
    "埃及": 2064.7915161764786,
    "伊朗": 1872.5687025504053,
    "新西兰": 1877.4312974495947,
    "西班牙": 1933.183597771845,
    "佛得角": 1916.8164022281546,
    "沙特": 1914.8209297541805,
    "乌拉圭": 1974.0544055163023,
    "法国": 2215.6525542300064,
    "塞内加尔": 1884.3474457699933,
    "伊拉克": 1650.5685103184321,
    "挪威": 2099.431489681568,
    "阿根廷": 2042.9575872589126,
    "阿尔及利亚": 1786.8448335284595,
    "奥地利": 2070.637530040461,
    "约旦": 1679.3624699595384,
    "葡萄牙": 1993.0684219718626,
    "刚果(金)": 2006.9315780281372,
    "乌兹别克": 1749.0998153114672,
    "哥伦比亚": 2150.900184688532,
    "英格兰": 2215.6525542300064,
    "克罗地亚": 1884.3474457699933,
    "加纳": 1999.4314896815679,
    "巴拿马": 1650.5685103184321,
    "沙特阿拉伯": 1911.1246647295172
  }
}