{
  "ratings": {
    "墨西哥": 2149.3054032107266,
    "南非": 1844.7665149678617,
    "韩国": 1972.736089913764,
    "捷克": 1833.1919919076481,
    "加拿大": 1955.022221656753,
    "波黑": 1843.8883878741194,
    "卡塔尔": 1762.701774700644,
    "瑞士": 1988.3876157684838,
    "巴西": 2121.358242141412,
    "摩洛哥": 2099.5934767568133,
    "海地": 1649.8490306105496,
    "苏格兰": 1971.747316479219,
    "美国": 2104.3425784482106,
    "巴拉圭": 1841.3240709222587,
    "澳大利亚": 2003.1375596620528,
    "土耳其": 1851.1957909674782,
    "德国": 2132.168833222545,
    "库拉索": 1717.831166777455,
    "科特迪瓦": 2046.5215469324824,
    "厄瓜多尔": 1853.4784530675176,
    "荷兰": 2047.060336510188,
    "日本": 2052.9396634898126,
    "瑞典": 2085.21460119491,
    "突尼斯": 1814.7853988050902,
    "比利时": 2047.060336510188,
    "埃及": 2052.9396634898126,
    "伊朗": 1898.3263512204244,
    "新西兰": 1851.6736487795756,
    "西班牙": 1970.170974486797,
    "佛得角": 1879.8290255132026,
    "沙特": 1912.402342591328,
    "乌拉圭": 1979.8292276235484,
    "法国": 2185.21460119491,
    "塞内加尔": 1914.78539880509,
    "伊拉克": 1677.9322592389199,
    "挪威": 2072.06774076108,
    "阿根廷": 2079.3977745828797,
    "阿尔及利亚": 1828.0541594291265,
    "奥地利": 2049.450943056564,
    "约旦": 1700.5490569434357,
    "葡萄牙": 2013.8476390468868,
    "刚果(金)": 1986.152360953113,
    "乌兹别克": 1785.5231126832161,
    "哥伦比亚": 2114.4768873167836,
    "英格兰": 2185.21460119491,
    "克罗地亚": 1914.78539880509,
    "加纳": 1972.0677407610801,
    "巴拿马": 1677.9322592389199,
    "沙特阿拉伯": 1907.7684297851235
  }
}