{
  "ratings": {
    "墨西哥": 2181.684143133241,
    "南非": 1843.246541005106,
    "韩国": 1963.4460579541606,
    "捷克": 1811.6232579074926,
    "加拿大": 1965.48385293563,
    "波黑": 1827.8848347655724,
    "卡塔尔": 1767.4445109497638,
    "瑞士": 1989.1868013490337,
    "巴西": 2167.466019162466,
    "摩洛哥": 2156.3468035680075,
    "海地": 1622.2199701802776,
    "苏格兰": 1949.8924680370094,
    "美国": 2148.205348857666,
    "巴拉圭": 1833.2257434075389,
    "澳大利亚": 1996.7563256696092,
    "土耳其": 1821.8125820651871,
    "德国": 2140.170555575541,
    "库拉索": 1709.8294444244586,
    "科特迪瓦": 2069.8241243436087,
    "厄瓜多尔": 1830.1758756563916,
    "荷兰": 2040.013442004618,
    "日本": 2059.9865579953826,
    "瑞典": 2101.6266630361556,
    "突尼斯": 1798.3733369638448,
    "比利时": 2040.013442004618,
    "埃及": 2059.9865579953826,
    "伊朗": 1883.09354648042,
    "新西兰": 1866.90645351958,
    "西班牙": 1948.455849096211,
    "佛得角": 1901.5441509037885,
    "沙特": 1913.802660665859,
    "乌拉圭": 1976.52753428584,
    "法国": 2201.6266630361556,
    "塞内加尔": 1898.3733369638446,
    "伊拉克": 1663.274011640359,
    "挪威": 2086.725988359641,
    "阿根廷": 2045.9281548710005,
    "阿尔及利亚": 1808.1465841812383,
    "奥地利": 2060.6439078950543,
    "约旦": 1689.3560921049454,
    "葡萄牙": 2001.5296531717997,
    "刚果(金)": 1998.4703468282,
    "乌兹别克": 1765.645426415353,
    "哥伦比亚": 2134.354573584646,
    "英格兰": 2201.6266630361556,
    "克罗地亚": 1898.3733369638446,
    "加纳": 1986.725988359641,
    "巴拿马": 1663.274011640359,
    "沙特阿拉伯": 1909.669805048301
  }
}