{
  "ratings": {
    "墨西哥": 2195.7870858507245,
    "南非": 1841.6264293652591,
    "韩国": 1960.1451741942387,
    "捷克": 1802.4413105897777,
    "加拿大": 1969.8377446980076,
    "波黑": 1821.3159577709362,
    "卡塔尔": 1769.791917988483,
    "瑞士": 1989.054379542573,
    "巴西": 2186.423403066728,
    "摩洛哥": 2181.2048341688883,
    "海地": 1609.5841990451186,
    "苏格兰": 1942.9851429318926,
    "美国": 2167.1699044719253,
    "巴拉圭": 1862.7549514547738,
    "澳大利亚": 1994.518674899108,
    "土耳其": 1775.5564691741943,
    "德国": 2143.9234546799175,
    "库拉索": 1706.076545320082,
    "科特迪瓦": 2079.740850235722,
    "厄瓜多尔": 1820.2591497642782,
    "荷兰": 2037.3809117516041,
    "日本": 2062.619088248396,
    "瑞典": 2108.896111350421,
    "突尼斯": 1791.103888649579,
    "比利时": 2037.3809117516041,
    "埃及": 2062.619088248396,
    "伊朗": 1877.3385861415613,
    "新西兰": 1872.6614138584387,
    "西班牙": 1940.1280095719644,
    "佛得角": 1909.8719904280351,
    "沙特": 1914.352722734774,
    "乌拉圭": 1975.2017537413535,
    "法国": 2208.896111350421,
    "塞内加尔": 1891.1038886495787,
    "伊拉克": 1656.7086392121105,
    "挪威": 2093.29136078789,
    "阿根廷": 2032.8644355538684,
    "阿尔及利亚": 1796.9379852335037,
    "奥地利": 2065.7749497220966,
    "约旦": 1684.2250502779032,
    "葡萄牙": 1996.8989896440335,
    "刚果(金)": 2003.1010103559663,
    "乌兹别克": 1757.0226794444875,
    "哥伦比亚": 2142.9773205555116,
    "英格兰": 2208.896111350421,
    "克罗地亚": 1891.1038886495787,
    "加纳": 1993.2913607878895,
    "巴拿马": 1656.7086392121105,
    "沙特阿拉伯": 1910.4455235238725
  }
}