{
  "ratings": {
    "墨西哥": 2166.2767421116578,
    "南非": 1844.3337833678468,
    "韩国": 1967.5721623851296,
    "捷克": 1821.8173121353664,
    "加拿大": 1960.5825750453316,
    "波黑": 1835.348329740899,
    "卡塔尔": 1765.059205364939,
    "瑞士": 1989.00988984883,
    "巴西": 2139.0059049662655,
    "摩洛哥": 2131.151463053933,
    "海地": 1635.8795691898292,
    "苏格兰": 1959.2335117363732,
    "美国": 2127.5150697876475,
    "巴拉圭": 1837.0059150494783,
    "澳大利亚": 1999.3467022783223,
    "土耳其": 1836.132312884553,
    "德国": 2136.2569958742924,
    "库拉索": 1713.7430041257076,
    "科特迪瓦": 2058.8288303979734,
    "厄瓜多尔": 1841.1711696020266,
    "荷兰": 2043.2018070118081,
    "日本": 2056.7981929881926,
    "瑞典": 2093.765314568138,
    "突尼斯": 1806.2346854318623,
    "比利时": 2043.2018070118081,
    "埃及": 2056.7981929881926,
    "伊朗": 1890.0197965636262,
    "新西兰": 1859.9802034363738,
    "西班牙": 1958.3932626646338,
    "佛得角": 1891.6067373353658,
    "沙特": 1913.1575957478965,
    "乌拉圭": 1978.059400319642,
    "法国": 2193.765314568138,
    "塞内加尔": 1906.234685431862,
    "伊拉克": 1670.324354158338,
    "挪威": 2079.6756458416617,
    "阿根廷": 2067.122049100031,
    "阿尔及利亚": 1817.6075019535683,
    "奥地利": 2055.2143238388553,
    "约旦": 1694.7856761611445,
    "葡萄牙": 2007.1184003022738,
    "刚果(金)": 1992.881599697726,
    "乌兹别克": 1775.0927558302512,
    "哥伦比亚": 2124.907244169748,
    "英格兰": 2193.765314568138,
    "克罗地亚": 1906.234685431862,
    "加纳": 1979.675645841662,
    "巴拿马": 1670.324354158338,
    "沙特阿拉伯": 1908.7830039324615
  }
}